title,title_imdb
an officer and a movie,An Officer and a Gentleman
10 years of terror,Halloween: 25 Years of Terror
the science of smells,The Science of Sex Appeal
our vietnam generation,The Vietnam War
through the decades,The Chipmunks: Rockin' Through the Decades
the oc,Real MILFS of the OC
the daily planet army green round,Swiss Army Man
the caribbean,Pirates of the Caribbean: The Curse of the Black Pearl
top 10,106 & Park Top 10 Live
betty white’s smartest animals in america,The Punch and Judy Man
owners manual,Men: An Owners Manual
ghost hunters uss constitution,Rockets Red Scare
pursuit of the graf spee,The Battle of the River Plate
gunny time,Lock 'N Load with R. Lee Ermey
pandora’s clock,Pancho Villa
channel islands ang mission,The Guernsey Literary and Potato Peel Pie Society
pete and jimmy,Andy Cohen/Pete Davidson/Mario Andretti/Michael Andretti/Marco Andretti/Jose Andres
four years of thunder volume four—winged victory 1918,Four Weddings and a Funeral
combat medic challenge,Hacksaw Ridge
brady’s escape,Hosszú vágta
medical investigation escape,Escape
beyond the diamond,Saved by the Bell
the music of war,Urgh! A Music War
imax project rescue,Superpower Dogs
mchale’s navy joins the air force,The Maze Runner
this ones for you,This One's for the Ladies
surprise homecoming,Christmas Homecoming
ben harrow story,Harrow
operation flintlock,Centennial
legends of groundpower,City of Ember
hell’s kitchen,Hello Sunshine
west point bridge design contest,The Mothman Legacy
the satellite killer,Hidden Agenda
expedition unknown,Expedition Unknown
aloha vet,Aloha Vet
executive decision,Executive Decision
what history forgot,What History Forgot
amazing grace and chuck,Amazing Grace and Chuck
apollo 13,Apollo 13
escape from the planet of the apes,Escape from the Planet of the Apes
escape from alcatraz,Escape from Alcatraz
ernest saves christmas,Ernest Saves Christmas
ernest in the army,Ernest in the Army
ambush bay,Ambush Bay
er,ER
ensign pulver,Ensign Pulver
why sailors go wrong,Why Sailors Go Wrong
all the young men,All the Young Men
airplanes,Airplanes
welcome home,Welcome Home
fablife,FabLife
welcome mr washington,Welcome Mr Washington
west point,West Point
